12,12,Rajesh,Wed Jun 29 2022 10:02:20 GMT+0530 (India Standard Time),,RajeshNEWPAN,6,Information Technology,100,100,80,8,Issued,80000
36,36,Saurish,Tue Jun 28 2022 18:16:48 GMT+0530 (India Standard Time),,NO PAN,18,Software,10,10,10,7,Issued,18171
32,32,Harish,Tue Jun 28 2022 18:16:21 GMT+0530 (India Standard Time),,NEWPAN,16,Construction,10,100,100,5,Issued,34343
4,4,ram,Sat Jul 09 2022 08:45:02 GMT+0530 (India Standard Time),ram@gmail.com,rmasf1234,2,shop,333,222,22,6,Issued,83100
4,4,ram,Sat Jul 09 2022 08:45:02 GMT+0530 (India Standard Time),ram@gmail.com,rmasf1234,2,shop,333,222,22,6,Issued,80000
10,10,priyanka,Sat Jul 09 2022 13:33:38 GMT+0530 (India Standard Time),priya@gmail.com,pryise2324,5,store,222,2222,22,7,Issued,83100
22,22,Rajesh,Fri Jul 01 2022 11:32:50 GMT+0530 (India Standard Time),,RajeshPAN,11,Software,123,123,1232,8,Initiated,88100
22,22,Rajesh,Fri Jul 01 2022 11:32:50 GMT+0530 (India Standard Time),,RajeshPAN,11,Software,123,123,1232,8,Initiated,88100
4,4,ram,Sat Jul 09 2022 08:45:02 GMT+0530 (India Standard Time),ram@gmail.com,rmasf1234,2,shop,333,222,22,6,Issued,83100
118,118,bhavya,Sun Jul 10 2022 15:31:02 GMT+0530 (India Standard Time),bhavya@123gmail.com,bfgagf2425,59,eqiupment,100000,600000,100,5,Issued,83100
